{"HRM":[{"Guid":"cd4a9328-8d58-40b3-8e73-7b27567c8826","Name":"\uBC15\uBBF8\uB780","PhoneNumber":"010-7374-6799","BirthDate":"1966-12-24T23:17:00.152","Gender":"\uC5EC\uC790","Address":"\uACBD\uAE30\uB3C4 \uC591\uD3C9\uAD70","SamsungSDI":{"VPass":{"ID":"","PW":""},"MEHS":{"ID":"","PW":""}},"SKHynix":{"Welcome":{"ID":"","PW":""},"SafetyTrainingExpiryDate":"2025-07-03T23:17:00.1271268+09:00"}},{"Guid":"2e409757-00f7-4ef2-a26e-07afa5df3e90","Name":"\uC774\uC815\uD638","PhoneNumber":"010-5655-7717","BirthDate":"1987-08-20T23:18:32.822","Gender":"\uB0A8\uC790","Address":"\uACBD\uAE30\uB3C4 \uC548\uC591","SamsungSDI":{"VPass":{"ID":"","PW":""},"MEHS":{"ID":"","PW":""}},"SKHynix":{"Welcome":{"ID":"","PW":""},"SafetyTrainingExpiryDate":"2025-07-03T23:18:32.7969441+09:00"}},{"Guid":"d162eb49-5a17-4d59-a98e-50c875f1b6bd","Name":"\uC815\uCCA0\uC2B9","PhoneNumber":"010-9191-6770","BirthDate":"1971-03-01T23:19:22.77","Gender":"\uB0A8\uC790","Address":"\uC11C\uC6B8","SamsungSDI":{"VPass":{"ID":"","PW":""},"MEHS":{"ID":"","PW":""}},"SKHynix":{"Welcome":{"ID":"","PW":""},"SafetyTrainingExpiryDate":"2025-07-03T23:19:22.7449389+09:00"}},{"Guid":"97d01fad-13f7-4b05-95a8-1e4417626efd","Name":"\uBC15\uC815\uBBF8","PhoneNumber":"010-2243-5820","BirthDate":"1977-06-24T23:20:05.08","Gender":"\uC5EC\uC790","Address":"\uACBD\uAE30\uB3C4","SamsungSDI":{"VPass":{"ID":"","PW":""},"MEHS":{"ID":"","PW":""}},"SKHynix":{"Welcome":{"ID":"","PW":""},"SafetyTrainingExpiryDate":"2025-07-03T23:20:05.0602654+09:00"}},{"Guid":"e162b399-7221-430d-ad79-ec7e393eb0ce","Name":"\uC774\uACBD\uD6C8","PhoneNumber":"010-4455-6799","BirthDate":"1977-07-03T23:20:30.928","Gender":"\uB0A8\uC790","Address":"\uACBD\uAE30\uB3C4 \uC591\uD3C9\uAD70","SamsungSDI":{"VPass":{"ID":"","PW":""},"MEHS":{"ID":"","PW":""}},"SKHynix":{"Welcome":{"ID":"","PW":""},"SafetyTrainingExpiryDate":"2025-07-03T23:20:30.9074635+09:00"}},{"Guid":"a3ea89c0-630b-4102-925c-16c0377e9102","Name":"\uC720\uD615\uD0DD","PhoneNumber":"010-8382-4805","BirthDate":"1969-07-13T23:21:47.629","Gender":"\uB0A8\uC790","Address":"\uACBD\uAE30\uB3C4 \uC758\uC815\uBD80\uC2DC","SamsungSDI":{"VPass":{"ID":"","PW":""},"MEHS":{"ID":"","PW":""}},"SKHynix":{"Welcome":{"ID":"","PW":""},"SafetyTrainingExpiryDate":"2025-07-03T23:21:47.6080611+09:00"}},{"Guid":"62e6ad6f-3479-47fe-b484-be19e10c41ff","Name":"\uAE40\uBCD1\uC218","PhoneNumber":"010-8843-1151","BirthDate":"1970-01-18T23:22:29.252","Gender":"\uB0A8\uC790","Address":"\uACBD\uAE30\uB3C4","SamsungSDI":{"VPass":{"ID":"","PW":""},"MEHS":{"ID":"","PW":""}},"SKHynix":{"Welcome":{"ID":"","PW":""},"SafetyTrainingExpiryDate":"2025-07-03T23:22:29.2278133+09:00"}},{"Guid":"a28bbc9b-1a85-414b-aa5c-3179fb20a491","Name":"\uAE40\uC724","PhoneNumber":"010-8615-6358","BirthDate":"1997-05-26T23:23:05.328","Gender":"\uB0A8\uC790","Address":"\uACBD\uAE30\uB3C4 \uC758\uC815\uBD80\uC2DC \uB454\uC57C\uB85C 45\uBC88\uAE38 11, 404\uD638","SamsungSDI":{"VPass":{"ID":"","PW":""},"MEHS":{"ID":"","PW":""}},"SKHynix":{"Welcome":{"ID":"","PW":""},"SafetyTrainingExpiryDate":"2025-07-03T23:23:05.3063578+09:00"}},{"Guid":"4de25ea2-dd51-4719-af37-e9ae8a9a7d45","Name":"\uCD5C\uACBD\uD76C","PhoneNumber":"010-2584-2606","BirthDate":"1972-12-24T23:23:48.333","Gender":"\uC5EC\uC790","Address":"","SamsungSDI":{"VPass":{"ID":"","PW":""},"MEHS":{"ID":"","PW":""}},"SKHynix":{"Welcome":{"ID":"","PW":""},"SafetyTrainingExpiryDate":"2025-07-03T23:23:48.3089228+09:00"}},{"Guid":"984672f7-6187-4fb0-8b96-46b9fef2d84b","Name":"\uD669\uC2B9\uC2DD","PhoneNumber":"010-9001-4897","BirthDate":"1968-05-18T23:24:44.389","Gender":"\uB0A8\uC790","Address":"","SamsungSDI":{"VPass":{"ID":"","PW":""},"MEHS":{"ID":"","PW":""}},"SKHynix":{"Welcome":{"ID":"","PW":""},"SafetyTrainingExpiryDate":"2025-07-03T23:24:44.3679534+09:00"}},{"Guid":"fee81c44-950a-45ff-841f-cab40b3f9fb2","Name":"\uAD6C\uC740\uD76C","PhoneNumber":"010-4925-4855","BirthDate":"1978-05-01T23:26:39.345","Gender":"\uC5EC\uC790","Address":"","SamsungSDI":{"VPass":{"ID":"","PW":""},"MEHS":{"ID":"","PW":""}},"SKHynix":{"Welcome":{"ID":"","PW":""},"SafetyTrainingExpiryDate":"2025-07-03T23:26:39.319976+09:00"}},{"Guid":"bb34e03a-dad3-44af-a0ec-413735d7689f","Name":"\uC6D0\uAD11\uC7AC","PhoneNumber":"010-3801-4686","BirthDate":"1979-03-13T23:27:21.044","Gender":"\uB0A8\uC790","Address":"","SamsungSDI":{"VPass":{"ID":"","PW":""},"MEHS":{"ID":"","PW":""}},"SKHynix":{"Welcome":{"ID":"","PW":""},"SafetyTrainingExpiryDate":"2025-07-03T23:27:21.0196524+09:00"}},{"Guid":"94e35f50-9a1d-44d3-95e0-9c6d0d030703","Name":"\uC774\uC9C0\uD6C4","PhoneNumber":"010-4861-6561","BirthDate":"1986-08-24T23:27:47.668","Gender":"\uB0A8\uC790","Address":"\uACBD\uAE30\uB3C4 \uC591\uC8FC","SamsungSDI":{"VPass":{"ID":"","PW":""},"MEHS":{"ID":"","PW":""}},"SKHynix":{"Welcome":{"ID":"","PW":""},"SafetyTrainingExpiryDate":"2025-07-03T23:27:47.6402853+09:00"}},{"Guid":"d9f6a544-23a6-4264-bdf5-d0fe66b9d737","Name":"\uC2E0\uD61C\uC131","PhoneNumber":"010-3638-4767","BirthDate":"1991-08-17T23:28:15.97","Gender":"\uB0A8\uC790","Address":"","SamsungSDI":{"VPass":{"ID":"","PW":""},"MEHS":{"ID":"","PW":""}},"SKHynix":{"Welcome":{"ID":"","PW":""},"SafetyTrainingExpiryDate":"2025-07-03T23:28:15.9471838+09:00"}},{"Guid":"426bae71-2829-435c-a5ca-8443f09987f5","Name":"\uB178\uC9C4\uADDC","PhoneNumber":"010-6701-8885","BirthDate":"1980-04-13T23:28:37.794","Gender":"\uB0A8\uC790","Address":"\uACBD\uAE30\uB3C4 \uC758\uC815\uBD80\uC2DC","SamsungSDI":{"VPass":{"ID":"","PW":""},"MEHS":{"ID":"","PW":""}},"SKHynix":{"Welcome":{"ID":"","PW":""},"SafetyTrainingExpiryDate":"2025-07-03T23:28:37.7737003+09:00"}},{"Guid":"23f8fcc7-87bb-46d2-8eec-5e8f6ebc9f77","Name":"\uAE40\uC120\uC7AC","PhoneNumber":"010-2603-3544","BirthDate":"1970-02-25T23:28:59.99","Gender":"\uB0A8\uC790","Address":"\uACBD\uAE30\uB3C4","SamsungSDI":{"VPass":{"ID":"","PW":""},"MEHS":{"ID":"","PW":""}},"SKHynix":{"Welcome":{"ID":"","PW":""},"SafetyTrainingExpiryDate":"2025-07-03T23:28:59.9678129+09:00"}},{"Guid":"380af795-e5d8-4f69-b3b2-351dbca7f61b","Name":"\uC11C\uCC3D\uC724","PhoneNumber":"010-9492-4446","BirthDate":"1983-04-12T23:29:34.915","Gender":"\uB0A8\uC790","Address":"","SamsungSDI":{"VPass":{"ID":"","PW":""},"MEHS":{"ID":"","PW":""}},"SKHynix":{"Welcome":{"ID":"","PW":""},"SafetyTrainingExpiryDate":"2025-07-03T23:29:34.8926052+09:00"}},{"Guid":"994277ab-3071-4e47-ad66-b0097f758b19","Name":"\uAE40\uC7AC\uC724","PhoneNumber":"010-9381-3529","BirthDate":"1970-01-18T23:30:27.264","Gender":"\uB0A8\uC790","Address":"","SamsungSDI":{"VPass":{"ID":"","PW":""},"MEHS":{"ID":"","PW":""}},"SKHynix":{"Welcome":{"ID":"","PW":""},"SafetyTrainingExpiryDate":"2025-07-03T23:30:27.2453265+09:00"}},{"Guid":"b5d72154-fd3e-4f10-9097-491e76dcd654","Name":"\uC131\uC815\uC5F4","PhoneNumber":"010-8940-6418","BirthDate":"2000-01-01T23:31:15.005","Gender":"\uB0A8\uC790","Address":"","SamsungSDI":{"VPass":{"ID":"","PW":""},"MEHS":{"ID":"","PW":""}},"SKHynix":{"Welcome":{"ID":"","PW":""},"SafetyTrainingExpiryDate":"2025-07-03T23:31:14.9826677+09:00"}},{"Guid":"bd90f01a-f052-4301-8221-011dca343db1","Name":"\uC774\uC6A9\uBAA9","PhoneNumber":"010-3291-8847","BirthDate":"2000-01-01T23:31:57.25","Gender":"\uB0A8\uC790","Address":"","SamsungSDI":{"VPass":{"ID":"","PW":""},"MEHS":{"ID":"","PW":""}},"SKHynix":{"Welcome":{"ID":"","PW":""},"SafetyTrainingExpiryDate":"2025-07-03T23:31:57.2295831+09:00"}},{"Guid":"247bbe24-7d60-4feb-a6a6-70502ab3bd6e","Name":"\uAE40\uC774\uACBD","PhoneNumber":"010-7788-0374","BirthDate":"2000-01-01T23:32:34.333","Gender":"\uB0A8\uC790","Address":"","SamsungSDI":{"VPass":{"ID":"","PW":""},"MEHS":{"ID":"","PW":""}},"SKHynix":{"Welcome":{"ID":"","PW":""},"SafetyTrainingExpiryDate":"2025-07-03T23:32:34.312403+09:00"}}]}